{"cameraMode":{"drawMode":0,"name":"Shaded","section":"Shading Mode"},"sceneLighting":true,"audioPlay":false,"sceneViewState":{"showFog":true,"showMaterialUpdate":false,"showSkybox":true,"showFlares":true,"showImageEffects":true,"showParticleSystems":true},"in2DMode":false,"pivot":{"x":-32.769893646240237,"y":-21.420194625854493,"z":20.854351043701173},"rotation":{"x":-0.24365513026714326,"y":0.4655747413635254,"z":-0.13504411280155183,"w":-0.8400211334228516},"size":61.942161560058597,"orthographic":false}